sigma,elements,right_velocity_relative_L2_error,final_energy_relative_error,node_update_reduction,runtime_ratio_observed,reference_1024_vs_2048_error,coarse_work_energy_relative_residual
0.015,8,0.968209221535033,0.5866267412432412,1865.0646718146718,16.21696674135464,0.013513259489851596,5.093658884315162e-06
0.015,16,1.075258709663389,0.23931344895852752,987.3871791960028,17.470894708434244,0.013513259489851596,2.2261954199593582e-05
0.015,32,1.0279049000205163,0.13100262909700994,508.6540014040014,15.596318704072669,0.013513259489851596,5.1871797082092575e-05
0.015,64,0.8888829953803924,0.10308246220208919,258.23972378972377,17.704344289505574,0.013513259489851596,8.457519399728264e-05
0.015,128,0.5732088320477183,0.018411536942305573,130.12079105683756,13.928962165139758,0.013513259489851596,6.786561293062713e-05
0.06,8,0.7937285195760091,0.13108197519953046,7460.302331002331,73.62215082374334,0.00021115877328949545,6.0865526091725496e-05
0.06,16,0.6533274132711838,0.10315989250090224,3949.571822295352,73.04057162597576,0.00021115877328949545,9.360813079916976e-05
0.06,32,0.258050512042197,0.018449655136389416,2034.6279084551811,56.786489386655525,0.00021115877328949545,4.413276751475841e-05
0.06,64,0.07258231937580031,0.004262530652776788,1008.2865949067997,68.45256569047383,0.00021115877328949545,1.1795014211349675e-05
0.06,128,0.018047732325021517,0.0010446149513432849,254.11242030377858,37.503897486091304,0.00021115877328949545,6.000262413151028e-07
0.25,8,0.057080897650254155,0.017305957946225865,31084.088888888888,247.46110339357273,2.39263261933085e-06,1.3201284425903226e-05
0.25,16,0.013345009521241976,0.004043202760907854,15427.764705882353,288.2096274965304,2.39263261933085e-06,2.6858102304881843e-06
0.25,32,0.0032840820138405444,0.0009981097106769358,3973.818181818182,174.74420227973192,2.39263261933085e-06,5.490497737081183e-07
0.25,64,0.0008170259829109533,0.00024860134578932896,1008.7384615384616,79.86113391566676,2.39263261933085e-06,1.3649403011845254e-07
0.25,128,0.00020344395776685276,6.192232343666445e-05,254.13953488372093,28.511813893703145,2.39263261933085e-06,3.417801499927409e-08
