source_excel_row,magnitude_error_percent,angle_error_degrees
2.0,2.592646588753067,3.357610212804559
13.0,-2.3380904111321876,-3.3980252155844255
24.0,0.07281830767462694,-0.5806613811213879
35.0,3.4440365210459456,0.8716968461591819
46.0,-0.08769154911176802,3.081592848987043
57.0,-1.341906765289591,0.5250051541359255
68.0,-5.312582068172633,-2.869878867957084
79.0,0.6603826910253519,0.48529939094416363
90.0,-0.9189359464841118,-0.490753486509135
101.0,-0.32043683831860514,-2.3618621005766443
112.0,-4.451048843134265,-0.8216144361923057
123.0,4.369903264354047,0.8882269102034854
134.0,1.4927448858979009,0.631252099929327
145.0,1.5904827957031742,0.001690215924753602
156.0,1.2517981620383534,0.59469102552913
167.0,-4.698185116906228,0.12795750366601055
178.0,2.456299919351901,0.5937979804987776
189.0,-3.578551422957421,0.8535686608242941
200.0,0.8954469969385981,-0.5490745013492813
211.0,-3.332512722641945,0.5350278227952003
222.0,0.05390555703168598,0.18165393736614988
233.0,-1.5516517241252137,0.7409469972783427
244.0,-2.616986038683977,0.4087892146285128
255.0,0.2549546892606225,-0.17616933425003367
