case_index,time_s,v_m_s,R_omega_r_m_s,R_omega_n_m_s
0,0.0,1.0,1.0,0.0
0,0.06666666666666667,0.9906571428571429,0.9906571428571429,0.0
0,0.13333333333333333,0.9813142857142858,0.9813142857142858,0.0
0,0.2,0.9719714285714286,0.9719714285714286,0.0
0,0.26666666666666666,0.9626285714285715,0.9626285714285715,0.0
0,0.3333333333333333,0.9532857142857143,0.9532857142857143,0.0
0,0.4,0.9439428571428572,0.9439428571428572,0.0
0,0.4666666666666667,0.9346000000000001,0.9346000000000001,0.0
0,0.5333333333333333,0.9252571428571429,0.9252571428571429,0.0
0,0.6,0.9159142857142858,0.9159142857142858,0.0
0,0.6666666666666666,0.9065714285714286,0.9065714285714286,0.0
0,0.7333333333333333,0.8972285714285715,0.8972285714285715,0.0
0,0.8,0.8878857142857144,0.8878857142857144,0.0
0,0.8666666666666667,0.8785428571428572,0.8785428571428572,0.0
0,0.9333333333333333,0.8692000000000001,0.8692000000000001,0.0
0,1.0,0.8598571428571429,0.8598571428571429,0.0
0,1.0666666666666667,0.8505142857142858,0.8505142857142858,0.0
0,1.1333333333333333,0.8411714285714287,0.8411714285714287,0.0
0,1.2,0.8318285714285715,0.8318285714285715,0.0
0,1.2666666666666666,0.8224857142857144,0.8224857142857144,0.0
0,1.3333333333333333,0.8131428571428572,0.8131428571428572,0.0
0,1.4,0.8038000000000001,0.8038000000000001,0.0
0,1.4666666666666666,0.794457142857143,0.794457142857143,0.0
0,1.5333333333333332,0.7851142857142858,0.7851142857142858,0.0
0,1.6,0.7757714285714286,0.7757714285714286,0.0
0,1.6666666666666667,0.7664285714285715,0.7664285714285715,0.0
0,1.7333333333333334,0.7570857142857143,0.7570857142857143,0.0
0,1.8,0.7477428571428572,0.7477428571428572,0.0
0,1.8666666666666667,0.7384,0.7384,0.0
0,1.9333333333333333,0.7290571428571428,0.7290571428571428,0.0
0,2.0,0.7197142857142858,0.7197142857142858,0.0
0,2.0666666666666664,0.7103714285714287,0.7103714285714287,0.0
0,2.1333333333333333,0.7010285714285714,0.7010285714285714,0.0
0,2.2,0.6916857142857142,0.6916857142857142,0.0
0,2.2666666666666666,0.6823428571428571,0.6823428571428571,0.0
0,2.3333333333333335,0.6729999999999999,0.6729999999999999,0.0
0,2.4,0.6636571428571428,0.6636571428571428,0.0
0,2.466666666666667,0.6543142857142856,0.6543142857142856,0.0
0,2.533333333333333,0.6449714285714285,0.6449714285714285,0.0
0,2.6,0.6356285714285713,0.6356285714285713,0.0
0,2.6666666666666665,0.6262857142857143,0.6262857142857143,0.0
0,2.7333333333333334,0.616942857142857,0.616942857142857,0.0
0,2.8,0.6076,0.6076,0.0
0,2.8666666666666667,0.5982571428571428,0.5982571428571428,0.0
0,2.933333333333333,0.5889142857142857,0.5889142857142857,0.0
0,3.0,0.5795714285714285,0.5795714285714285,0.0
0,3.0666666666666664,0.5702285714285714,0.5702285714285714,0.0
0,3.1333333333333333,0.5608857142857142,0.5608857142857142,0.0
0,3.2,0.551542857142857,0.551542857142857,0.0
0,3.2666666666666666,0.5421999999999999,0.5421999999999999,0.0
0,3.3333333333333335,0.5328571428571428,0.5328571428571428,0.0
0,3.4,0.5235142857142856,0.5235142857142856,0.0
0,3.466666666666667,0.5141714285714285,0.5141714285714285,0.0
0,3.533333333333333,0.5048285714285713,0.5048285714285713,0.0
0,3.6,0.4954857142857142,0.4954857142857142,0.0
0,3.6666666666666665,0.48614285714285704,0.48614285714285704,0.0
0,3.7333333333333334,0.4767999999999999,0.4767999999999999,0.0
0,3.8,0.4674571428571428,0.4674571428571428,0.0
0,3.8666666666666667,0.45811428571428564,0.45811428571428564,0.0
0,3.933333333333333,0.4487714285714285,0.4487714285714285,0.0
0,4.0,0.43942857142857134,0.43942857142857134,0.0
0,4.066666666666666,0.4300857142857142,0.4300857142857142,0.0
0,4.133333333333333,0.42074285714285714,0.42074285714285714,0.0
0,4.2,0.41139999999999993,0.41139999999999993,0.0
0,4.266666666666667,0.4020571428571428,0.4020571428571428,0.0
0,4.333333333333333,0.3927142857142856,0.3927142857142856,0.0
0,4.4,0.3833714285714284,0.3833714285714284,0.0
0,4.466666666666667,0.3740285714285714,0.3740285714285714,0.0
0,4.533333333333333,0.3646857142857142,0.3646857142857142,0.0
0,4.6,0.35534285714285707,0.35534285714285707,0.0
0,4.666666666666667,0.34599999999999986,0.34599999999999986,0.0
0,4.733333333333333,0.33665714285714277,0.33665714285714277,0.0
0,4.8,0.32731428571428567,0.32731428571428567,0.0
0,4.866666666666666,0.3179714285714285,0.3179714285714285,0.0
0,4.933333333333334,0.30862857142857125,0.30862857142857125,0.0
0,5.0,0.2992857142857142,0.2992857142857142,0.0
0,5.066666666666666,0.28994285714285706,0.28994285714285706,0.0
0,5.133333333333333,0.2805999999999999,0.2805999999999999,0.0
0,5.2,0.2712571428571427,0.2712571428571427,0.0
0,5.266666666666667,0.26191428571428554,0.26191428571428554,0.0
0,5.333333333333333,0.2525714285714285,0.2525714285714285,0.0
0,5.4,0.24322857142857127,0.24322857142857127,0.0
0,5.466666666666667,0.23388571428571414,0.23388571428571414,0.0
0,5.533333333333333,0.224542857142857,0.224542857142857,0.0
0,5.6,0.21519999999999995,0.21519999999999995,0.0
0,5.666666666666667,0.2058571428571427,0.2058571428571427,0.0
0,5.733333333333333,0.19651428571428564,0.19651428571428564,0.0
0,5.8,0.18717142857142852,0.18717142857142852,0.0
0,5.866666666666666,0.17782857142857136,0.17782857142857136,0.0
0,5.933333333333334,0.16848571428571404,0.16848571428571404,0.0
0,6.0,0.15914285714285692,0.15914285714285692,0.0
0,6.066666666666666,0.14979999999999993,0.14979999999999993,0.0
0,6.133333333333333,0.1404571428571428,0.1404571428571428,0.0
0,6.2,0.1311142857142855,0.1311142857142855,0.0
0,6.266666666666667,0.12177142857142834,0.12177142857142834,0.0
0,6.333333333333333,0.11242857142857138,0.11242857142857138,0.0
0,6.4,0.10308571428571406,0.10308571428571406,0.0
0,6.466666666666667,0.0937428571428569,0.0937428571428569,0.0
0,6.533333333333333,0.08439999999999977,0.08439999999999977,0.0
0,6.6,0.07505714285714281,0.07505714285714281,0.0
0,6.666666666666667,0.06571428571428549,0.06571428571428549,0.0
0,6.733333333333333,0.05637142857142834,0.05637142857142834,0.0
0,6.8,0.0470285714285712,0.0470285714285712,0.0
0,6.866666666666666,0.03768571428571424,0.03768571428571424,0.0
0,6.933333333333334,0.028342857142856916,0.028342857142856916,0.0
0,7.0,0.018999999999999774,0.018999999999999774,0.0
0,7.066666666666666,0.009657142857142632,0.009657142857142632,0.0
0,7.133333333333333,0.000314285714285667,0.000314285714285667,0.0
0,7.2,0.0,0.0,0.0
0,7.266666666666667,0.0,0.0,0.0
0,7.333333333333333,0.0,0.0,0.0
0,7.3999999999999995,0.0,0.0,0.0
0,7.466666666666667,0.0,0.0,0.0
0,7.533333333333333,0.0,0.0,0.0
0,7.6,0.0,0.0,0.0
0,7.666666666666667,0.0,0.0,0.0
0,7.733333333333333,0.0,0.0,0.0
0,7.8,0.0,0.0,0.0
0,7.866666666666666,0.0,0.0,0.0
0,7.933333333333334,0.0,0.0,0.0
0,8.0,0.0,0.0,0.0
0,8.066666666666666,0.0,0.0,0.0
0,8.133333333333333,0.0,0.0,0.0
0,8.2,0.0,0.0,0.0
0,8.266666666666666,0.0,0.0,0.0
0,8.333333333333334,0.0,0.0,0.0
0,8.4,0.0,0.0,0.0
0,8.466666666666667,0.0,0.0,0.0
0,8.533333333333333,0.0,0.0,0.0
0,8.6,0.0,0.0,0.0
0,8.666666666666666,0.0,0.0,0.0
0,8.733333333333333,0.0,0.0,0.0
0,8.8,0.0,0.0,0.0
0,8.866666666666667,0.0,0.0,0.0
0,8.933333333333334,0.0,0.0,0.0
0,9.0,0.0,0.0,0.0
0,9.066666666666666,0.0,0.0,0.0
0,9.133333333333333,0.0,0.0,0.0
0,9.2,0.0,0.0,0.0
0,9.266666666666666,0.0,0.0,0.0
0,9.333333333333334,0.0,0.0,0.0
0,9.4,0.0,0.0,0.0
0,9.466666666666667,0.0,0.0,0.0
0,9.533333333333333,0.0,0.0,0.0
0,9.6,0.0,0.0,0.0
0,9.666666666666666,0.0,0.0,0.0
0,9.733333333333333,0.0,0.0,0.0
0,9.8,0.0,0.0,0.0
0,9.866666666666667,0.0,0.0,0.0
0,9.933333333333334,0.0,0.0,0.0
0,10.0,0.0,0.0,0.0
1,0.0,0.0,0.0,0.5
1,0.013333333333333334,0.0,0.0,0.49346
1,0.02666666666666667,0.0,0.0,0.48692
1,0.04,0.0,0.0,0.48038000000000003
1,0.05333333333333334,0.0,0.0,0.47384000000000004
1,0.06666666666666667,0.0,0.0,0.46730000000000005
1,0.08,0.0,0.0,0.46076
1,0.09333333333333334,0.0,0.0,0.45422000000000007
1,0.10666666666666667,0.0,0.0,0.44768
1,0.12000000000000001,0.0,0.0,0.44114
1,0.13333333333333333,0.0,0.0,0.43460000000000004
1,0.14666666666666667,0.0,0.0,0.42806
1,0.16,0.0,0.0,0.42152000000000006
1,0.17333333333333334,0.0,0.0,0.41498
1,0.18666666666666668,0.0,0.0,0.40843999999999997
1,0.2,0.0,0.0,0.40190000000000003
1,0.21333333333333335,0.0,0.0,0.39536
1,0.22666666666666668,0.0,0.0,0.38882
1,0.24000000000000002,0.0,0.0,0.38228
1,0.25333333333333335,0.0,0.0,0.37573999999999996
1,0.26666666666666666,0.0,0.0,0.36920000000000003
1,0.28,0.0,0.0,0.36266
1,0.29333333333333333,0.0,0.0,0.35612
1,0.3066666666666667,0.0,0.0,0.34958
1,0.32,0.0,0.0,0.34304
1,0.33333333333333337,0.0,0.0,0.33649999999999997
1,0.3466666666666667,0.0,0.0,0.32996000000000003
1,0.36000000000000004,0.0,0.0,0.32342
1,0.37333333333333335,0.0,0.0,0.31688000000000005
1,0.3866666666666667,0.0,0.0,0.31034
1,0.4,0.0,0.0,0.3038
1,0.4133333333333334,0.0,0.0,0.29725999999999997
1,0.4266666666666667,0.0,0.0,0.29072
1,0.44,0.0,0.0,0.28418
1,0.45333333333333337,0.0,0.0,0.27764
1,0.4666666666666667,0.0,0.0,0.2711
1,0.48000000000000004,0.0,0.0,0.26455999999999996
1,0.49333333333333335,0.0,0.0,0.25802
1,0.5066666666666667,0.0,0.0,0.25148
1,0.52,0.0,0.0,0.24493999999999994
1,0.5333333333333333,0.0,0.0,0.2384
1,0.5466666666666667,0.0,0.0,0.23185999999999996
1,0.56,0.0,0.0,0.22531999999999996
1,0.5733333333333334,0.0,0.0,0.21877999999999997
1,0.5866666666666667,0.0,0.0,0.21223999999999998
1,0.6000000000000001,0.0,0.0,0.20569999999999997
1,0.6133333333333334,0.0,0.0,0.19915999999999998
1,0.6266666666666667,0.0,0.0,0.19261999999999993
1,0.64,0.0,0.0,0.18608
1,0.6533333333333333,0.0,0.0,0.17954
1,0.6666666666666667,0.0,0.0,0.17299999999999993
1,0.68,0.0,0.0,0.16645999999999997
1,0.6933333333333334,0.0,0.0,0.15991999999999998
1,0.7066666666666667,0.0,0.0,0.15338
1,0.7200000000000001,0.0,0.0,0.14683999999999994
1,0.7333333333333334,0.0,0.0,0.14029999999999992
1,0.7466666666666667,0.0,0.0,0.13375999999999996
1,0.76,0.0,0.0,0.12721999999999997
1,0.7733333333333334,0.0,0.0,0.1206799999999999
1,0.7866666666666667,0.0,0.0,0.11413999999999996
1,0.8,0.0,0.0,0.10759999999999997
1,0.8133333333333334,0.0,0.0,0.10105999999999993
1,0.8266666666666668,0.0,0.0,0.0945199999999999
1,0.8400000000000001,0.0,0.0,0.08797999999999995
1,0.8533333333333334,0.0,0.0,0.08143999999999992
1,0.8666666666666667,0.0,0.0,0.07489999999999997
1,0.88,0.0,0.0,0.06835999999999993
1,0.8933333333333334,0.0,0.0,0.0618199999999999
1,0.9066666666666667,0.0,0.0,0.055279999999999954
1,0.92,0.0,0.0,0.048740000000000006
1,0.9333333333333333,0.0,0.0,0.042199999999999974
1,0.9466666666666668,0.0,0.0,0.035659999999999935
1,0.9600000000000001,0.0,0.0,0.029119999999999903
1,0.9733333333333334,0.0,0.0,0.022579999999999868
1,0.9866666666666667,0.0,0.0,0.01604000000000001
1,1.0,0.0,0.0,0.009499999999999975
1,1.0133333333333334,0.0,0.0,0.0029599999999999405
1,1.0266666666666668,0.0,0.0,0.0
1,1.04,0.0,0.0,0.0
1,1.0533333333333335,0.0,0.0,0.0
1,1.0666666666666667,0.0,0.0,0.0
1,1.08,0.0,0.0,0.0
1,1.0933333333333335,0.0,0.0,0.0
1,1.1066666666666667,0.0,0.0,0.0
1,1.12,0.0,0.0,0.0
1,1.1333333333333333,0.0,0.0,0.0
1,1.1466666666666667,0.0,0.0,0.0
1,1.1600000000000001,0.0,0.0,0.0
1,1.1733333333333333,0.0,0.0,0.0
1,1.1866666666666668,0.0,0.0,0.0
1,1.2000000000000002,0.0,0.0,0.0
1,1.2133333333333334,0.0,0.0,0.0
1,1.2266666666666668,0.0,0.0,0.0
1,1.24,0.0,0.0,0.0
1,1.2533333333333334,0.0,0.0,0.0
1,1.2666666666666668,0.0,0.0,0.0
1,1.28,0.0,0.0,0.0
1,1.2933333333333334,0.0,0.0,0.0
1,1.3066666666666666,0.0,0.0,0.0
1,1.32,0.0,0.0,0.0
1,1.3333333333333335,0.0,0.0,0.0
1,1.3466666666666667,0.0,0.0,0.0
1,1.36,0.0,0.0,0.0
1,1.3733333333333335,0.0,0.0,0.0
1,1.3866666666666667,0.0,0.0,0.0
1,1.4000000000000001,0.0,0.0,0.0
1,1.4133333333333333,0.0,0.0,0.0
1,1.4266666666666667,0.0,0.0,0.0
1,1.4400000000000002,0.0,0.0,0.0
1,1.4533333333333334,0.0,0.0,0.0
1,1.4666666666666668,0.0,0.0,0.0
1,1.4800000000000002,0.0,0.0,0.0
1,1.4933333333333334,0.0,0.0,0.0
1,1.5066666666666668,0.0,0.0,0.0
1,1.52,0.0,0.0,0.0
1,1.5333333333333334,0.0,0.0,0.0
1,1.5466666666666669,0.0,0.0,0.0
1,1.56,0.0,0.0,0.0
1,1.5733333333333335,0.0,0.0,0.0
1,1.5866666666666667,0.0,0.0,0.0
1,1.6,0.0,0.0,0.0
1,1.6133333333333335,0.0,0.0,0.0
1,1.6266666666666667,0.0,0.0,0.0
1,1.6400000000000001,0.0,0.0,0.0
1,1.6533333333333335,0.0,0.0,0.0
1,1.6666666666666667,0.0,0.0,0.0
1,1.6800000000000002,0.0,0.0,0.0
1,1.6933333333333334,0.0,0.0,0.0
1,1.7066666666666668,0.0,0.0,0.0
1,1.7200000000000002,0.0,0.0,0.0
1,1.7333333333333334,0.0,0.0,0.0
1,1.7466666666666668,0.0,0.0,0.0
1,1.76,0.0,0.0,0.0
1,1.7733333333333334,0.0,0.0,0.0
1,1.7866666666666668,0.0,0.0,0.0
1,1.8,0.0,0.0,0.0
1,1.8133333333333335,0.0,0.0,0.0
1,1.8266666666666669,0.0,0.0,0.0
1,1.84,0.0,0.0,0.0
1,1.8533333333333335,0.0,0.0,0.0
1,1.8666666666666667,0.0,0.0,0.0
1,1.8800000000000001,0.0,0.0,0.0
1,1.8933333333333335,0.0,0.0,0.0
1,1.9066666666666667,0.0,0.0,0.0
1,1.9200000000000002,0.0,0.0,0.0
1,1.9333333333333333,0.0,0.0,0.0
1,1.9466666666666668,0.0,0.0,0.0
1,1.9600000000000002,0.0,0.0,0.0
1,1.9733333333333334,0.0,0.0,0.0
1,1.9866666666666668,0.0,0.0,0.0
1,2.0,0.0,0.0,0.0
2,0.0,2.0,0.0,0.0
2,0.004,1.988228,0.02943,0.0
2,0.008,1.976456,0.05886,0.0
2,0.012,1.964684,0.08829000000000001,0.0
2,0.016,1.952912,0.11772,0.0
2,0.02,1.94114,0.14715,0.0
2,0.024,1.929368,0.17658000000000001,0.0
2,0.028,1.917596,0.20601000000000003,0.0
2,0.032,1.905824,0.23544,0.0
2,0.036000000000000004,1.894052,0.26487000000000005,0.0
2,0.04,1.88228,0.2943,0.0
2,0.044,1.870508,0.32373,0.0
2,0.048,1.858736,0.35316000000000003,0.0
2,0.052000000000000005,1.846964,0.38259000000000004,0.0
2,0.056,1.835192,0.41202000000000005,0.0
2,0.06,1.82342,0.44145000000000006,0.0
2,0.064,1.811648,0.47088,0.0
2,0.068,1.799876,0.5003100000000001,0.0
2,0.07200000000000001,1.788104,0.5297400000000001,0.0
2,0.076,1.776332,0.5591700000000001,0.0
2,0.08,1.76456,0.5886,0.0
2,0.084,1.752788,0.6180300000000001,0.0
2,0.088,1.7410160000000001,0.64746,0.0
2,0.092,1.729244,0.6768900000000001,0.0
2,0.096,1.7174719999999999,0.7063200000000001,0.0
2,0.1,1.7057,0.7357500000000001,0.0
2,0.10400000000000001,1.693928,0.7651800000000001,0.0
2,0.108,1.682156,0.79461,0.0
2,0.112,1.6703839999999999,0.8240400000000001,0.0
2,0.116,1.658612,0.8534700000000002,0.0
2,0.12,1.64684,0.8829000000000001,0.0
2,0.124,1.635068,0.9123300000000001,0.0
2,0.128,1.6232959999999999,0.94176,0.0
2,0.132,1.611524,0.97119,0.0
2,0.136,1.599752,1.0006200000000003,0.0
2,0.14,1.58798,1.0300500000000001,0.0
2,0.14400000000000002,1.5762079999999998,1.0594800000000002,0.0
2,0.148,1.564436,1.08891,0.0
2,0.152,1.552664,1.1183400000000001,0.0
2,0.156,1.540892,1.1477700000000002,0.0
2,0.16,1.52912,1.1772,0.0
2,0.164,1.517348,1.2066300000000003,0.0
2,0.168,1.505576,1.2360600000000002,0.0
2,0.17200000000000001,1.493804,1.2654900000000002,0.0
2,0.176,1.482032,1.29492,0.0
2,0.18,1.4702600000000001,1.32435,0.0
2,0.184,1.458488,1.3537800000000002,0.0
2,0.188,1.446716,1.38321,0.0
2,0.192,1.434944,1.4126400000000001,0.0
2,0.196,1.4285714285714286,1.4285714285714286,0.0
2,0.2,1.4285714285714286,1.4285714285714286,0.0
2,0.20400000000000001,1.4285714285714286,1.4285714285714286,0.0
2,0.20800000000000002,1.4285714285714286,1.4285714285714286,0.0
2,0.212,1.4285714285714286,1.4285714285714286,0.0
2,0.216,1.4285714285714286,1.4285714285714286,0.0
2,0.22,1.4285714285714286,1.4285714285714286,0.0
2,0.224,1.4285714285714286,1.4285714285714286,0.0
2,0.228,1.4285714285714286,1.4285714285714286,0.0
2,0.232,1.4285714285714286,1.4285714285714286,0.0
2,0.23600000000000002,1.4285714285714286,1.4285714285714286,0.0
2,0.24,1.4285714285714286,1.4285714285714286,0.0
2,0.244,1.4285714285714286,1.4285714285714286,0.0
2,0.248,1.4285714285714286,1.4285714285714286,0.0
2,0.252,1.4285714285714286,1.4285714285714286,0.0
2,0.256,1.4285714285714286,1.4285714285714286,0.0
2,0.26,1.4285714285714286,1.4285714285714286,0.0
2,0.264,1.4285714285714286,1.4285714285714286,0.0
2,0.268,1.4285714285714286,1.4285714285714286,0.0
2,0.272,1.4285714285714286,1.4285714285714286,0.0
2,0.276,1.4285714285714286,1.4285714285714286,0.0
2,0.28,1.4285714285714286,1.4285714285714286,0.0
2,0.28400000000000003,1.4285714285714286,1.4285714285714286,0.0
2,0.28800000000000003,1.4285714285714286,1.4285714285714286,0.0
2,0.292,1.4285714285714286,1.4285714285714286,0.0
2,0.296,1.4285714285714286,1.4285714285714286,0.0
2,0.3,1.4285714285714286,1.4285714285714286,0.0
2,0.304,1.4285714285714286,1.4285714285714286,0.0
2,0.308,1.4285714285714286,1.4285714285714286,0.0
2,0.312,1.4285714285714286,1.4285714285714286,0.0
2,0.316,1.4285714285714286,1.4285714285714286,0.0
2,0.32,1.4285714285714286,1.4285714285714286,0.0
2,0.324,1.4285714285714286,1.4285714285714286,0.0
2,0.328,1.4285714285714286,1.4285714285714286,0.0
2,0.332,1.4285714285714286,1.4285714285714286,0.0
2,0.336,1.4285714285714286,1.4285714285714286,0.0
2,0.34,1.4285714285714286,1.4285714285714286,0.0
2,0.34400000000000003,1.4285714285714286,1.4285714285714286,0.0
2,0.34800000000000003,1.4285714285714286,1.4285714285714286,0.0
2,0.352,1.4285714285714286,1.4285714285714286,0.0
2,0.356,1.4285714285714286,1.4285714285714286,0.0
2,0.36,1.4285714285714286,1.4285714285714286,0.0
2,0.364,1.4285714285714286,1.4285714285714286,0.0
2,0.368,1.4285714285714286,1.4285714285714286,0.0
2,0.372,1.4285714285714286,1.4285714285714286,0.0
2,0.376,1.4285714285714286,1.4285714285714286,0.0
2,0.38,1.4285714285714286,1.4285714285714286,0.0
2,0.384,1.4285714285714286,1.4285714285714286,0.0
2,0.388,1.4285714285714286,1.4285714285714286,0.0
2,0.392,1.4285714285714286,1.4285714285714286,0.0
2,0.396,1.4285714285714286,1.4285714285714286,0.0
2,0.4,1.4285714285714286,1.4285714285714286,0.0
2,0.404,1.4285714285714286,1.4285714285714286,0.0
2,0.40800000000000003,1.4285714285714286,1.4285714285714286,0.0
2,0.41200000000000003,1.4285714285714286,1.4285714285714286,0.0
2,0.41600000000000004,1.4285714285714286,1.4285714285714286,0.0
2,0.42,1.4285714285714286,1.4285714285714286,0.0
2,0.424,1.4285714285714286,1.4285714285714286,0.0
2,0.428,1.4285714285714286,1.4285714285714286,0.0
2,0.432,1.4285714285714286,1.4285714285714286,0.0
2,0.436,1.4285714285714286,1.4285714285714286,0.0
2,0.44,1.4285714285714286,1.4285714285714286,0.0
2,0.444,1.4285714285714286,1.4285714285714286,0.0
2,0.448,1.4285714285714286,1.4285714285714286,0.0
2,0.452,1.4285714285714286,1.4285714285714286,0.0
2,0.456,1.4285714285714286,1.4285714285714286,0.0
2,0.46,1.4285714285714286,1.4285714285714286,0.0
2,0.464,1.4285714285714286,1.4285714285714286,0.0
2,0.468,1.4285714285714286,1.4285714285714286,0.0
2,0.47200000000000003,1.4285714285714286,1.4285714285714286,0.0
2,0.47600000000000003,1.4285714285714286,1.4285714285714286,0.0
2,0.48,1.4285714285714286,1.4285714285714286,0.0
2,0.484,1.4285714285714286,1.4285714285714286,0.0
2,0.488,1.4285714285714286,1.4285714285714286,0.0
2,0.492,1.4285714285714286,1.4285714285714286,0.0
2,0.496,1.4285714285714286,1.4285714285714286,0.0
2,0.5,1.4285714285714286,1.4285714285714286,0.0
2,0.504,1.4285714285714286,1.4285714285714286,0.0
2,0.508,1.4285714285714286,1.4285714285714286,0.0
2,0.512,1.4285714285714286,1.4285714285714286,0.0
2,0.516,1.4285714285714286,1.4285714285714286,0.0
2,0.52,1.4285714285714286,1.4285714285714286,0.0
2,0.524,1.4285714285714286,1.4285714285714286,0.0
2,0.528,1.4285714285714286,1.4285714285714286,0.0
2,0.532,1.4285714285714286,1.4285714285714286,0.0
2,0.536,1.4285714285714286,1.4285714285714286,0.0
2,0.54,1.4285714285714286,1.4285714285714286,0.0
2,0.544,1.4285714285714286,1.4285714285714286,0.0
2,0.548,1.4285714285714286,1.4285714285714286,0.0
2,0.552,1.4285714285714286,1.4285714285714286,0.0
2,0.556,1.4285714285714286,1.4285714285714286,0.0
2,0.56,1.4285714285714286,1.4285714285714286,0.0
2,0.5640000000000001,1.4285714285714286,1.4285714285714286,0.0
2,0.5680000000000001,1.4285714285714286,1.4285714285714286,0.0
2,0.5720000000000001,1.4285714285714286,1.4285714285714286,0.0
2,0.5760000000000001,1.4285714285714286,1.4285714285714286,0.0
2,0.58,1.4285714285714286,1.4285714285714286,0.0
2,0.584,1.4285714285714286,1.4285714285714286,0.0
2,0.588,1.4285714285714286,1.4285714285714286,0.0
2,0.592,1.4285714285714286,1.4285714285714286,0.0
2,0.596,1.4285714285714286,1.4285714285714286,0.0
2,0.6,1.4285714285714286,1.4285714285714286,0.0
