specimen,split,omega_rad_s,observed_mu_r,constant_prediction,relaxation_prediction
moderately_old,train,7.485712135471619,0.010601594440653889,0.01643839116579818,0.013925431943523395
moderately_old,held_out,8.667638560225448,0.015112851227964172,0.01643839116579818,0.016124132039426083
moderately_old,train,8.98195471783082,0.01670017406422095,0.01643839116579818,0.016708844379718025
moderately_old,held_out,9.852823315715732,0.019707676098390994,0.01643839116579818,0.018328893504253846
moderately_old,train,10.563309301690769,0.022013404992519706,0.01643839116579818,0.019650587962372245
old,train,6.460544084193104,0.013609003957583764,0.017674730139661452,0.013950115223089674
old,held_out,7.413678708741605,0.01670006958105121,0.017674730139661452,0.01600819851488236
old,train,8.271177225318649,0.01820388627183905,0.017674730139661452,0.017859776795904534
old,held_out,9.066984285771555,0.019707598627352427,0.017674730139661452,0.019578146029825313
old,train,9.853520909654993,0.021211300189561546,0.017674730139661452,0.02127649780753388
old,held_out,10.25142355219202,0.02430248094160771,0.017674730139661452,0.022135680507725398
new,train,8.071476200036415,0.18240319336041672,0.23107289777253626,0.20210375974139091
new,held_out,9.130419278152221,0.1973406048365861,0.23107289777253626,0.2286189066780021
new,train,9.5688403947837,0.22206019802567395,0.23107289777253626,0.2395966453004416
new,held_out,10.08161942913352,0.258370525016305,0.23107289777253626,0.2524362508682795
new,train,10.259959492506283,0.2887553019315181,0.23107289777253626,0.2569017533893661
new,held_out,10.501468232210959,0.32094515778718224,0.23107289777253626,0.2629489525751234
