case_id,split,mode,block_reference_qualified,normalized_error,within_budget,median_engine_controller_s,min_s,max_s,solver_work_total,controller_s,switches,rms_position_m,rms_velocity_m_s,rms_spin_rad_s,max_position_m,final_velocity_max_m_s,final_spin_max_rad_s,reported_max_penetration_fraction
free_flight_hexagon,verification,block_fast,True,0.003710388911615846,True,9.2754e-05,8.8926e-05,0.000221881,120,0,0,7.420777823231692e-05,0.0,0.0,0.00018619535059038173,0.0,0.0,0
free_flight_hexagon,verification,block_standard,True,0.003710388911615846,True,0.000108609,9.0179e-05,0.000203802,960,0,0,7.420777823231692e-05,0.0,0.0,0.00018619535059038173,0.0,0.0,0
free_flight_hexagon,verification,block_accurate,True,0.004724076226466905,True,0.00033267,0.000328416,0.000411191,7680,0,0,9.44815245293381e-05,0.0,0.0,0.00022945126469876468,0.0,0.0,0
free_flight_hexagon,verification,block_high,True,0.004715151598428715,True,0.001046413,0.00075463,0.003198469,30720,0,0,9.430303196857431e-05,0.0,0.0,0.00022894485751872665,0.0,0.0,0
free_flight_hexagon,verification,temporal_standard,True,0.003710388911615846,True,0.00022547,0.000222534,0.000795227,480,0,0,7.420777823231692e-05,0.0,0.0,0.00018619535059038173,0.0,0.0,0
free_flight_hexagon,verification,temporal_accurate,True,0.004724076226466905,True,0.002136849,0.001990213,0.002212953,7680,0,0,9.44815245293381e-05,0.0,0.0,0.00022945126469876468,0.0,0.0,0
free_flight_hexagon,verification,block_adaptive,True,0.003710388911615846,True,0.00012932299999999998,0.00010144699999999999,0.00016880200000000001,120,1.2847e-05,0,7.420777823231692e-05,0.0,0.0,0.00018619535059038173,0.0,0.0,0
normal_rebound_boxes,verification,block_fast,True,5.314911185660738,False,0.000154563,0.000151239,0.000199802,144,0,0,0.011503232931335265,0.2657455592830369,0.0,0.01503431799999988,2.3800000015228306e-07,0.0,0.0199980922
normal_rebound_boxes,verification,block_standard,True,5.3149111856595015,False,0.000158103,0.000153436,0.000176384,1152,0,0,0.011503232931335265,0.2657455592829751,0.0,0.01503431799999988,0.0,0.0,0.0199980922
normal_rebound_boxes,verification,block_accurate,True,0.06493897839094259,True,0.000890739,0.000550995,0.001173233,9216,0,0,0.0012987795678188517,0.0,0.0,0.0016996870000001163,0.0,0.0,0
normal_rebound_boxes,verification,block_high,True,0.06434216035449895,True,0.001629781,0.001262342,0.001895889,36864,0,0,0.001286843207089979,0.0,0.0,0.0016807320000000736,0.0,0.0,0
normal_rebound_boxes,verification,temporal_standard,True,4.420727951332138,False,0.000310984,0.000291573,0.000333116,576,0,0,0.04821908644491015,0.11051829108138601,0.2210363975666069,0.1061642169999999,0.14434731000000012,0.2886943817,0.000367898494
normal_rebound_boxes,verification,temporal_accurate,True,4.4101057658834675,False,0.002622336,0.002498853,0.002912416,9216,0,0,0.045105380555369015,0.11025287196371315,0.2205052882941734,0.10143232399999991,0.1440006490000001,0.2880007029,0
normal_rebound_boxes,verification,block_adaptive,True,5.3149111856595015,False,0.000179376,0.000175238,0.000198278,180,2.4133e-05,2,0.011503232931335265,0.2657455592829751,0.0,0.01503431799999988,0.0,0.0,0.0199980922
sliding_box,train,block_fast,True,0.578920400154865,True,0.000335417,0.00030415,0.000668472,240,0,0,0.011415582575059974,0.028946020007743253,0.0,0.013935656392334933,0.0,0.0,0.004531191662
sliding_box,train,block_standard,True,0.46000793820031494,True,0.000397198,0.000381135,0.000454077,1920,0,0,0.0092001587640063,0.02199138450037158,0.0,0.01131935875025352,0.0,0.0,0.004531191662
sliding_box,train,block_accurate,True,0.09454282097112374,True,0.001952962,0.001784814,0.002235088,15360,0,0,0.0018908564194224748,1.0448880753982815e-05,0.0,0.002331220273344003,0.0,0.0,0.0002733338624
sliding_box,train,block_high,True,0.030926070822598496,True,0.005431639,0.005358146,0.006078288,61440,0,0,0.0006185214164519699,2.88603371424578e-06,0.0,0.0007498789676923887,0.0,0.0,0.000699358061
sliding_box,train,temporal_standard,True,0.09306002447117198,True,0.000873689,0.000785265,0.000961957,960,0,0,0.0018612004894234396,1.6967098272783224e-05,0.0,0.0022952616586522454,0.0,0.0,0.0007764715701
sliding_box,train,temporal_accurate,True,0.03367796571491876,True,0.008718809,0.008429068,0.009513446,15360,0,0,0.0006735593142983752,7.55598932984616e-05,0.0,0.0008169521636948445,0.0,0.0,0.0007675308734
sliding_box,train,block_adaptive,True,0.46000793820031494,True,0.00041482899999999997,0.000394498,0.000426041,948,6.2528e-05,1,0.0092001587640063,0.02199138450037158,0.0,0.01131935875025352,0.0,0.0,0.004531191662
incline_stick,verification,block_fast,True,0.23550181961582747,True,0.000359259,0.000320526,0.000508624,240,0,0,0.002225425263698365,0.011775090980791374,0.0,0.002245992642126156,4.440892099e-16,0.0,0.002732982161
incline_stick,verification,block_standard,True,0.054928583257738764,True,0.000419099,0.00039865,0.000559868,1920,0,0,0.0010985716651547752,1.3409844690165818e-08,0.0,0.0012772679000000453,0.0,0.0,0.002732982161
incline_stick,verification,block_accurate,True,0.004228447929181549,True,0.002074567,0.001967671,0.002536288,15360,0,0,8.456895858363098e-05,1.767482541946112e-08,0.0,0.00025534630000001446,0.0,0.0,0.000447887578
incline_stick,verification,block_high,True,0.0043603115048664485,True,0.005632215,0.005221181,0.008220471,61440,0,0,8.720623009732897e-05,1.459225907460547e-08,0.0,8.779770000000298e-05,0.0,0.0,6.738138472e-05
incline_stick,verification,temporal_standard,True,0.4212782353817941,True,0.000844011,0.000753774,0.001216798,960,0,0,0.00017211170921457543,0.021063911769089706,0.0,0.00019150979999993378,2.5627504724536013e-10,0.0,0.0006959307939
incline_stick,verification,temporal_accurate,True,0.00752924795049813,True,0.009288554,0.008095029,0.014201683,15360,0,0,0.0001505849590099626,5.1227240806426125e-08,0.0,0.0001725634860040709,1.045918907e-11,0.0,0.0006840098649
incline_stick,verification,block_adaptive,True,0.054928583257738764,True,0.000426499,0.000419709,0.000705946,948,6.8577e-05,1,0.0010985716651547752,1.3409844690165818e-08,0.0,0.0012772679000000453,0.0,0.0,0.002732982161
incline_slide,verification,block_fast,True,1.6767106090010235,False,0.000352552,0.000332214,0.000366777,240,0,0,0.03353421218002047,0.022757533761569426,0.0,0.057829877293012706,0.021842199115346184,0.0,0.002733840141
incline_slide,verification,block_standard,True,0.4112290834230787,True,0.000428111,0.000404564,0.001298262,1920,0,0,0.008224581668461574,4.3223654258010795e-05,0.0,0.013984762491715142,9.569476516510694e-05,0.0,0.002733240137
incline_slide,verification,block_accurate,True,0.07958244219864168,True,0.00200259,0.001843653,0.003629516,15360,0,0,0.0015916488439728337,4.854298641114642e-05,0.0,0.002706753626499695,0.00012075214292081379,0.0,0.0004486206162
incline_slide,verification,block_high,True,0.02470717750174929,True,0.005882345,0.005053566,0.006007495,61440,0,0,0.0004941435500349858,4.252432777065505e-05,0.0,0.0008344626291672168,6.31747341425705e-05,0.0,6.877249689e-05
incline_slide,verification,temporal_standard,True,0.452657214174754,True,0.00091926,0.00077689,0.002100012,960,0,0,0.00905314428349508,0.02187926051896865,0.0,0.019415671707112725,0.01657809991255662,0.0,0.0006959307939
incline_slide,verification,temporal_accurate,True,0.35753113224946936,True,0.009540445,0.008153839,0.016525344,15360,0,0,0.007150622644989387,0.00962490559671477,0.0,0.016056981083732144,0.016648988687424482,0.0,0.0006959307939
incline_slide,verification,block_adaptive,True,0.4112192163485532,True,0.000591846,0.000428669,0.000722458,948,6.7293e-05,1,0.008224384326971064,4.3366065513139873e-05,0.0,0.013984321631407153,9.569476516510694e-05,0.0,0.002733706729
triangle_drop,train,block_fast,False,27.95281303804824,False,0.000517687,0.00045922,0.000634805,360,0,0,0.372656370608964,0.6005346661647495,1.397640651902412,0.43190312985292384,4.3537644619433695e-09,1.4110705711200001e-08,0.01488436945
triangle_drop,train,block_standard,False,5.749110817988578,False,0.000715563,0.000584818,0.00130175,2880,0,0,0.008568841514217624,0.28745554089942893,0.2301157052632273,0.03376383524305249,7.461870911603157e-10,7.904554788e-10,0.02048437484
triangle_drop,train,block_accurate,False,1.630110750547356,False,0.003445195,0.002893469,0.003671943,23040,0,0,0.0038833028586186783,0.04483884967014746,0.0815055375273678,0.00439548566740121,1.813219427639161e-09,4.5157457768e-09,0.01078699715
triangle_drop,train,block_high,False,0.0498354133229656,True,0.009067549,0.008779593,0.014636936,92160,0,0,0.000996708266459312,0.00023574643257489637,0.0009785078198256561,0.0019001055013918,2.241774614897559e-10,1.1021831225e-09,0.009416090325
triangle_drop,train,temporal_standard,False,0.7237827796637133,True,0.001495765,0.001074627,0.004307353,1440,0,0,0.006262589840935963,0.025778953894778217,0.03618913898318567,0.007509403045182712,4.988709086220923e-07,1.4760051864788e-06,0.01939472742
triangle_drop,train,temporal_accurate,False,0.12875039984927764,True,0.012553442,0.011836341,0.017688338,23040,0,0,0.0025750079969855525,0.0029512187610790763,0.004173700347836383,0.003886632544253328,2.7009110498287554e-05,3.1481891844788e-06,0.003062458709
triangle_drop,train,block_adaptive,False,28.19904420310959,False,0.001023991,0.000896573,0.001109894,4266,8.4657e-05,5,0.37158215969283076,0.5957690096140619,1.4099522101554796,0.4307135521738716,7.430958684061042e-09,7.904554788e-10,0.03448744118
hexagon_oblique,test,block_fast,False,23.478240873329778,False,0.000570242,0.000491328,0.000774772,360,0,0,0.46956481746659556,0.633920798945008,0.7460717384735203,0.6495985499792373,5.179391052150563e-09,1.956567463e-09,0.02565895207
hexagon_oblique,test,block_standard,False,1.9816333977139933,False,0.000726881,0.000667421,0.001019108,2880,0,0,0.005981853795984143,0.05216076669778634,0.09908166988569966,0.016927302094034757,3.927701869177057e-09,9.674519073e-09,0.01701180823
hexagon_oblique,test,block_accurate,False,0.9400109701147255,True,0.003501698,0.003208848,0.004591421,23040,0,0,0.0015945663911265298,0.03215590228524249,0.047000548505736275,0.005668520628712818,5.0977043004315596e-09,9.564226633e-09,0.01274158247
hexagon_oblique,test,block_high,False,0.612902098167577,True,0.010377999,0.009259947,0.020788844,92160,0,0,0.0006039783627154714,0.02274608159164999,0.03064510490837885,0.002944651560037412,1.5883091647562276e-09,3.708608421e-09,0.007198350504
hexagon_oblique,test,temporal_standard,False,2.7087968498559825,False,0.001334656,0.001126904,0.001840458,1440,0,0,0.012872480044134011,0.07884962895092659,0.13543984249279914,0.027573992503353587,4.98336480769327e-07,9.412114413429999e-07,0.001927884296
hexagon_oblique,test,temporal_accurate,False,1.9510069075606258,False,0.012738694,0.011653289,0.019200626,23040,0,0,0.0050322712624653885,0.0585725753814271,0.0975503453780313,0.0140056142763977,7.689875910084446e-06,1.4518721222143e-05,0.001240791753
hexagon_oblique,test,block_adaptive,False,12.217208810898367,False,0.001244267,0.00100784,0.001570437,4302,0.00015988,3,0.2317452753255731,0.35723591442961444,0.6108604405449184,0.2602597300133888,1.009822411548147e-08,8.216086589e-09,0.02489422448
concave_L_drop,test,block_fast,True,17.895612575470125,False,0.000610329,0.000476335,0.000968413,360,0,0,0.35791225150940253,0.3822384347222241,0.5214380609187748,0.4270279379164237,7.416376150099103e-09,1.1991904026999999e-08,0.03240035102
concave_L_drop,test,block_standard,True,0.2675414831185491,True,0.000726673,0.000618601,0.00081394,2880,0,0,0.0053508296623709815,0.005114777445617776,0.004029607534408017,0.019481897431654887,6.4484715524116565e-09,9.114436872e-09,0.03240035102
concave_L_drop,test,block_accurate,True,0.13509272682313583,True,0.004217874,0.003521224,0.006047703,23040,0,0,0.0027018545364627168,0.0010259999991681723,0.001095171572796921,0.003898263196298178,2.9449767248923646e-10,1.3422777329999999e-09,0.0168828778
concave_L_drop,test,block_high,True,0.06217164455870125,True,0.009266526,0.008690431,0.012192397,92160,0,0,0.001243432891174025,0.0003458752867756239,0.0003692559952111198,0.0013243914534689417,4.017729318900645e-10,1.2565871676e-09,0.009894234128
concave_L_drop,test,temporal_standard,True,0.4292401764888007,True,0.001258484,0.001071307,0.001859723,1440,0,0,0.0034783424092201406,0.011521922063041694,0.021462008824440035,0.004290060658583398,2.098371392983631e-08,5.2544507967e-08,0.00351166958
concave_L_drop,test,temporal_accurate,True,0.5781589096791571,True,0.013211852,0.011623942,0.014630599,23040,0,0,0.0016290606451078967,0.02016177836370859,0.028907945483957857,0.0052144040500277,2.017311471789933e-06,1.2329455724070002e-06,0.002583625261
concave_L_drop,test,block_adaptive,True,0.25916970943398815,True,0.001100735,0.0008740789999999999,0.0015526969999999998,4386,0.000351779,3,0.005183394188679763,0.006864975873013935,0.0061614835031052525,0.018289655540237024,7.481669271930762e-09,3.894554568e-09,0.02842631005
thin_bar_spin,test,block_fast,True,20.616745217107994,False,0.000528785,0.000449976,0.00080957,360,0,0,0.41233490434215986,0.8067505954951497,0.5039233032729391,0.5014791965542534,2.716357694e-10,3.863077636e-10,0.02826070413
thin_bar_spin,test,block_standard,True,5.608780057499245,False,0.000621736,0.000605726,0.000645768,2880,0,0,0.010255209511902721,0.28043900287496226,0.2010128197640618,0.032139349375213525,2.716357694e-10,3.863077636e-10,0.028284695
thin_bar_spin,test,block_accurate,True,0.1658279869944095,True,0.003433166,0.002854668,0.003826442,23040,0,0,0.0033165597398881904,0.0011597985153335556,0.000138959365488122,0.004988980448811779,2.716357694e-10,3.863077636e-10,0.04305368289
thin_bar_spin,test,block_high,True,0.0680650219587752,True,0.008728326,0.008622906,0.010985043,92160,0,0,0.001361300439175504,0.00038848951787515834,4.6677750032280865e-05,0.001664814056304608,8.149073086e-10,1.0004350682e-09,0.02671683207
thin_bar_spin,test,temporal_standard,True,5.861855370840701,False,0.001204023,0.001097451,0.002545807,1440,0,0,0.06362991445738739,0.29309276854203503,0.18529287652899487,0.07675264685209264,6.665273281390145e-08,4.50898020036e-08,0.0536348857
thin_bar_spin,test,temporal_accurate,True,6.769342773880887,False,0.012672423,0.011499118,0.013446997,23040,0,0,0.08584332910268874,0.3384671386940444,0.23225874334187407,0.10259232143520979,2.9032984556322388e-05,1.87823140977636e-05,0.00606412068
thin_bar_spin,test,block_adaptive,True,0.2895331229402473,True,0.011072007,0.010416849,0.01722439,80280,9.0988e-05,2,0.0057906624588049465,0.003510151822498138,0.0015259553911214736,0.01127721623586215,2.716357694e-10,3.863077636e-10,0.04657277837
thin_wall_ccd,test,block_fast,True,0.0031813341751513007,True,4.9019e-05,4.6636e-05,0.000180703,24,0,0,6.362668350302602e-05,6.9924555889979215e-06,3.0842683075715566e-05,0.0001681595999999952,7.629394531e-06,3.365212615e-05,0.1052620634
thin_wall_ccd,test,block_standard,True,0.0031813341751513007,True,5.3242e-05,5.3143e-05,8.0276e-05,192,0,0,6.362668350302602e-05,6.9924555889979215e-06,3.0842683075715566e-05,0.0001681595999999952,7.629394531e-06,3.365212615e-05,0.1052620634
thin_wall_ccd,test,block_accurate,True,0.0018349527534686893,True,0.000190052,0.000186683,0.001823606,1536,0,0,3.6699055069373787e-05,6.9924555889979215e-06,3.0842683075715566e-05,0.0001730919000000053,7.629394531e-06,3.365212615e-05,0.1034620032
thin_wall_ccd,test,block_high,True,0.005973729732798281,True,0.000661716,0.000571976,0.000922814,6144,0,0,0.00011947459465596562,7.736813630740976e-07,6.447377157972779e-06,0.0005743504000000066,8.441575119e-07,7.034645932e-06,0.1180559024
thin_wall_ccd,test,temporal_standard,True,400.000661588693,False,8.7575e-05,8.3355e-05,0.000133602,96,0,0,0.06384297825249843,20.00003307943465,0.29941270086783417,0.13031262161,0.04068097472,0.3346348405,2.731527567
thin_wall_ccd,test,temporal_accurate,True,0.48123544831290554,True,0.001158329,0.000770124,0.001493513,1536,0,0,0.009624708966258111,0.0012709159134449235,0.010536550359976757,0.012707367600000019,0.001386685297,0.01149626821,0.3699130416
thin_wall_ccd,test,block_adaptive,True,0.005973729732798281,True,0.000578311,0.0005694830000000001,0.0011291530000000001,6144,6.818e-06,1,0.00011947459465596562,7.736813630740976e-07,6.447377157972779e-06,0.0005743504000000066,8.441575119e-07,7.034645932e-06,0.1180559024
stack_6,train,block_fast,True,1.2411315558949005,False,0.003087036,0.002603042,0.00548745,720,0,0,0.013730358968906103,0.06205657779474503,0.005847530781012887,0.03734588700117888,0.00046179696101439875,0.000136869435357711,0.01146644354
stack_6,train,block_standard,True,0.6771608955032519,True,0.005423961,0.004716026,0.022925193,5760,0,0,0.008115611363230605,0.0338580447751626,1.9172261117478403e-07,0.014536381000000214,1.380806607605304e-06,3.4745179088900003e-07,0.006824433804
stack_6,train,block_accurate,True,0.0547719578076333,True,0.029746672,0.028944762,0.035176063,46080,0,0,0.001095439156152666,0.0026630331849302113,4.071221921968807e-08,0.0024800300000000775,2.1234405598888254e-07,7.1395245934e-08,0.001776814461
stack_6,train,block_high,True,0.05094134981200116,True,0.109866987,0.102549018,0.115858898,184320,0,0,0.0010188269962400232,0.0006009883656401689,2.2760571461682577e-08,0.0018754010000003902,1.610541063295572e-07,5.3489283669e-08,0.000938475132
stack_6,train,temporal_standard,True,3.447116059397197,False,0.005080152,0.004989695,0.00615302,2880,0,0,0.06894232118794394,0.05145584702137599,0.013730498987738685,0.1134494902589719,0.005857439406859004,0.001987321898257711,0.04524404556
stack_6,train,temporal_accurate,True,2.621380405155198,False,0.048644348,0.044115684,0.059245781,46080,0,0,0.05242760810310396,0.016680342812524455,0.005870672640777832,0.10592093486174291,0.007378696218070871,0.001961148179596111,0.03948869929
stack_6,train,block_adaptive,True,0.7447146842766472,True,0.005516903,0.004455514,0.0074863790000000005,2868,0.001219168,1,0.008323167546621678,0.03723573421383236,2.3694210652703122e-07,0.01537275300000119,1.4470794218899996e-06,4.22616598211e-07,0.007641613483
stack_12,test,block_fast,False,13.706942454085812,False,0.005299382,0.005106566,0.007368851,720,0,0,0.27413884908171626,0.23496740517313036,0.048895753210645654,1.3350426435887894,0.5942199756833142,0.15087432824969207,0.02252970822
stack_12,test,block_standard,False,1.2389365837489117,False,0.01080782,0.010291643,0.012349763,5760,0,0,0.016404644822550576,0.06194682918744559,1.9368584710037513e-07,0.043312073000001575,9.97056084475835e-07,4.1787917487000004e-07,0.007067173719
stack_12,test,block_accurate,False,0.43696564497886076,True,0.059688108,0.056989797,0.060190112,46080,0,0,0.0034773779482380382,0.02184828224894304,6.637659935323681e-07,0.00812912000000135,2.6338226271856765e-06,3.7035397683e-07,0.002611875534
stack_12,test,block_high,False,0.36288107071840364,True,0.203907265,0.197520797,0.218797929,184320,0,0,0.0022325540344822793,0.018144053535920183,1.0721226628557124e-07,0.0038919449999995147,2.9872888315998086e-06,4.3510469097e-07,0.001267790794
stack_12,test,temporal_standard,False,65.0026087365146,False,0.008723371,0.006298914,0.009709086,2880,0,0,1.3000521747302922,1.519004822186727,0.4101039085601832,9.001991756940978,10.044697533627332,3.629744022255864,0.1143116653
stack_12,test,temporal_accurate,False,95.1700405195306,False,0.073296311,0.068793499,0.077113672,46080,0,0,1.9034008103906122,2.2828116591080128,0.4146813254775657,12.149850534740766,12.737781492683125,1.2772402932716045,0.1061423644
stack_12,test,block_adaptive,False,0.9333646343712116,True,0.19856460299999998,0.198063866,0.201921658,181032,0.002165082,2,0.01723663489399252,0.046668231718560584,6.151597291767064e-08,0.022818564999999874,6.511867422321506e-08,4.6098255880000004e-08,0.007698833942
mass_contrast_30,train,block_fast,False,6.252945868942575,False,0.006754486,0.003887922,0.018277402,720,0,0,0.07285601478653715,0.31264729344712877,0.008121374696871348,0.23646688428354368,0.1206433899417986,0.0318922836592234,0.07033616304
mass_contrast_30,train,block_standard,False,1.514788480180155,False,0.004664944,0.004521861,0.005441017,5760,0,0,0.01512009021295342,0.07573942400900775,1.1693933394984772e-05,0.051270008000050486,2.3298492775606753e-06,8.626304863999999e-07,0.0130559504
mass_contrast_30,train,block_accurate,False,0.6753646442488638,True,0.031915439,0.026722644,0.0324049,46080,0,0,0.0009714718493979062,0.03376823221244319,7.376781034397448e-07,0.009200096000000177,5.2195576386878685e-06,1.5433478775000002e-06,0.002757906914
mass_contrast_30,train,block_high,False,0.3954787668863137,True,0.102016155,0.098589073,0.110070512,184320,0,0,0.0003461351837899609,0.01977393834431569,3.447115393186865e-07,0.00362968499999997,1.3327685594869605e-06,3.8919293033e-07,0.001202225685
mass_contrast_30,train,temporal_standard,False,144.49658486528696,False,0.005141853,0.004721814,0.006533334,2880,0,0,2.889931697305739,1.1800604782432533,0.8375747870655194,4.677873822623203,9.37466911075673e-07,4.98290802388e-07,0.7827445865
mass_contrast_30,train,temporal_accurate,False,33.66838390578949,False,0.049915341,0.04301909,0.054888302,46080,0,0,0.6733676781157898,0.9299048065651923,0.5025355748241986,4.725703384705046,7.287430143132006,3.3600689843135423,0.2863201499
mass_contrast_30,train,block_adaptive,False,1.8502961059726746,False,0.015726401,0.015152536,0.017460594,23028,0.001538848,3,0.03700592211945349,0.06568237895498379,1.2547039562519324e-05,0.07427549300131803,4.090148072833773e-05,1.38687038266e-05,0.02217416652
mass_contrast_100,test,block_fast,False,226.69551611304746,False,0.006204098,0.005784375,0.006900149,720,0,0,4.533910322260949,2.0386820160062182,2.4104989493300324,8.060722371560892,1.3530002730764945e-06,4.8119851569e-07,0.6822488904
mass_contrast_100,test,block_standard,False,3.1108726205481267,False,0.005745149,0.005484818,0.005891082,5760,0,0,0.039831251213796395,0.15554363102740634,8.100000465126893e-05,0.11868715300054489,0.004847821436431465,3.65074688729e-05,0.02984344959
mass_contrast_100,test,block_accurate,False,1.0934461746123725,False,0.030399463,0.027887812,0.03344285,46080,0,0,0.0014722280968193931,0.05467230873061863,1.7304295046572055e-06,0.018864155000003314,1.7196389738619554e-05,5.7682809999e-06,0.004049539566
mass_contrast_100,test,block_high,False,0.6153523288867665,True,0.097229822,0.093904637,0.10773305,184320,0,0,0.00044283005471736444,0.030767616444338328,1.1263879479279537e-06,0.006311894000000415,9.478032242829678e-07,5.042844436e-07,0.001350343227
mass_contrast_100,test,temporal_standard,False,193.00614315437053,False,0.007140723,0.006901237,0.009481252,2880,0,0,3.860122863087411,1.566432043850789,1.0337277164973135,7.529562392558691,1.5311185321586524e-06,9.560243655e-07,0.9239292145
mass_contrast_100,test,temporal_accurate,False,93.1964904895729,False,0.055061918,0.04871798,0.058134404,46080,0,0,1.863929809791458,0.9541779249858882,0.7354423115639203,4.223888530810564,0.010095309400699939,0.0252875972145028,0.6394779086
mass_contrast_100,test,block_adaptive,False,1.051222518154136,False,0.10270101000000001,0.095874446,0.104894206,181284,0.001011777,4,0.006881628980928734,0.0525611259077068,0.0004275020833666237,0.023008346000001623,2.0657241085816806e-05,6.6684306429e-06,0.00753864646
impact_chain_12,test,block_fast,True,2.586337303002889,False,0.001345576,0.001153822,0.001794007,240,0,0,0.05172674606005778,0.09144665353004788,0.0006260572252784199,0.14556980100310554,0.082317173501574,0.00151536474,0.04000002146
impact_chain_12,test,block_standard,True,1.376971577624723,False,0.002240133,0.001863322,0.004163904,1920,0,0,0.006461204670393359,0.06884857888123616,0.00030515893811951234,0.021137569710066004,0.009390116113490974,0.0003189180861,0.04000002146
impact_chain_12,test,block_accurate,True,0.29867978420925523,True,0.008241866,0.00740504,0.009950847,15360,0,0,0.001551628387830118,0.014933989210462762,0.0,0.005314349999999912,0.0036099850999999905,0.0,0.002500653267
impact_chain_12,test,block_high,True,0.14949816353330675,True,0.022893969,0.021813488,0.026500937,61440,0,0,0.0007798612729830362,0.0074749081766653375,0.0,0.0014405549000000017,2.0859999999567336e-07,0.0,0.00258231163
impact_chain_12,test,temporal_standard,True,0.616996376591076,True,0.002956949,0.002504455,0.006272495,960,0,0,0.01233992753182152,0.027056072798712714,0.01602114638200435,0.044125181196135246,0.03010026022297709,0.007163332775,0.0103668347
impact_chain_12,test,temporal_accurate,True,0.11952204117019961,True,0.023974744,0.021638309,0.026584919,15360,0,0,0.0023904408234039923,0.0022017512609574085,0.0009745818119754467,0.0067959851742549204,0.003501769062321217,0.0005068390165,0.001072261482
impact_chain_12,test,block_adaptive,True,0.9668643728187256,True,0.022065576,0.020172277,0.023767951,31197,0.000455761,2,0.003335103282918184,0.048343218640936284,0.002600160572452474,0.01067708247,0.0016086949261963125,0.004896732047,0.04000002146
public_friction_slopes,stress,block_fast,False,119.36957441191748,False,0.010289155,0.009910124,0.011138238,1440,0,0,2.38739148823835,1.411361674524035,0.7870427303994709,5.971626069825585,1.640604607662654,3.947186489e-08,0.03068175167
public_friction_slopes,stress,block_standard,False,18.62553925807687,False,0.013355691,0.01194467,0.015004465,11520,0,0,0.3725107851615374,0.40912753972413607,0.5196433504152854,2.1945368825689826,0.4465231275319751,4.54820599e-08,0.03068175167
public_friction_slopes,stress,block_accurate,False,5.297802026579165,False,0.068650334,0.062132243,0.072305669,92160,0,0,0.025327417408313346,0.1299337088254826,0.2648901013289583,0.11895432172427887,0.010445595481150993,2.4684283949999998e-08,0.03089697286
public_friction_slopes,stress,block_high,False,6.485239180885347,False,0.19228853,0.189278972,0.238317328,368640,0,0,0.03327846027581928,0.17758653569722835,0.32426195904426736,0.12722979311153282,0.029099048004610294,1.658475934e-08,0.01495649107
public_friction_slopes,stress,temporal_standard,False,36.56645483448532,False,0.007895835,0.007290121,0.011520739,5760,0,0,0.7313290966897065,0.7279248003900577,0.6917136595014498,2.9857905486807303,1.1743431052633366,7.9665584401236e-06,0.09627562761
public_friction_slopes,stress,temporal_accurate,False,33.10487110233068,False,0.079625838,0.076716291,0.091752204,92160,0,0,0.6620974220466135,0.5186582369533411,0.6434299029769782,1.7630186940561114,0.1346114134890934,8.373364108e-05,0.002015016973
public_friction_slopes,stress,block_adaptive,False,45.5224478871682,False,0.015249648,0.014621964,0.019184339,14586,0.001829107,7,0.910448957743364,0.4815251347192627,0.517518299184895,2.03227732089489,0.38307824956909126,2.1641400669999998e-08,0.03068175167
long_tilted_stack,stress,block_fast,False,4306.718620993554,False,0.047340995,0.046434656,0.054747942,2400,0,0,86.1343724198711,15.520154132083228,0.8311826740048432,1002.6385146150553,139.53339966545562,0.32026802930237275,0.104623206
long_tilted_stack,stress,block_standard,False,3453.0131178209467,False,0.086494965,0.076802197,0.090700502,19200,0,0,69.06026235641893,13.560084689142649,0.5797991934662834,848.9463259559553,128.9327396304333,0.9275361306877897,0.08557695895
long_tilted_stack,stress,block_accurate,False,2624.882789442203,False,0.399517663,0.368341138,0.418083305,153600,0,0,52.497655788844064,11.480131686967676,0.5510073840626943,682.8555757562215,115.72757041384959,2.9602282056877898,0.03706295788
long_tilted_stack,stress,block_high,False,16.29514941886379,False,1.261773846,1.225787707,1.302424225,614400,0,0,0.3259029883772758,0.19019239396847115,0.25024782405538876,1.0440248702553168,0.08370395595256587,0.01794821019999998,0.02772097476
long_tilted_stack,stress,temporal_standard,False,4375.195692901695,False,0.054890677,0.053596057,0.056955849,9600,0,0,87.50391385803391,15.586245188528615,0.7040755918750649,1006.8013202320286,139.5333997801274,0.3202681876368738,0.4515500665
long_tilted_stack,stress,temporal_accurate,False,803.6034730184491,False,0.397988618,0.384099189,0.451314607,153600,0,0,16.072069460368983,2.5162348539690855,0.7592240702700316,145.9690894183999,10.271240600316922,1.6037453411,0.1269299686
long_tilted_stack,stress,block_adaptive,False,3304.327051880301,False,1.0961391299999999,1.082532848,1.101291063,478470,0.01409999,14,66.08654103760603,13.184877353891535,0.5101451742555085,819.756075105765,126.7361265129596,1.0582754616877899,0.04754988104
