source_excel_row,predicted,observed,predicted_contact_tangent_m_s,reconstructed_contact_tangent_m_s,energy_retained,energy_change_J,diagram,empirical_spin_independent
2,"[0.9766753354129478, -0.4405431287062384]","[0.9252097372040775, -0.4844291151390543]",0.015675009928407535,-0.13792594258644797,0.8782071712483104,-1.7968956313555205e-06,"{""signature_angle_error_deg"": 3.357610212804564, ""signature_size_error_percent"": 2.5926465887530448}",False
13,"[0.8082379467631629, -0.6708141782088318]","[0.8668450580204341, -0.6366135474459048]",-0.29327540122080187,-0.17357319355055723,0.847096078713683,-2.2039370957038884e-06,"{""signature_angle_error_deg"": 3.3980252155844197, ""signature_size_error_percent"": -2.3380904111321876}",False
24,"[0.7374088477432955, -0.7533678903244461]","[0.7444637143509552, -0.7453133706031992]",-0.40891433474456235,-0.3807235157201986,0.8445564461180429,-2.244452305721142e-06,"{""signature_angle_error_deg"": 0.5806613811213737, ""signature_size_error_percent"": 0.07281830767460473}",False
35,"[0.8910395979105434, -0.6146674570164696]","[0.8522340480456694, -0.6072385399442947]",-0.19845091906464774,-0.17244970931203546,0.8535367386463781,-2.241093648656676e-06,"{""signature_angle_error_deg"": 0.8716968461592098, ""signature_size_error_percent"": 3.4440365210459456}",False
46,"[0.6181187632422385, -0.8975918720833108]","[0.5694715800354821, -0.9303386134988413]",-0.6088603137069621,-0.7234739086613187,0.8524714207624383,-2.2238393750111156e-06,"{""signature_angle_error_deg"": 3.0815928489870466, ""signature_size_error_percent"": -0.08769154911176802}",False
57,"[0.6948744133874932, -0.7723215752640117]","[0.69712324968889, -0.7892472071639162]",-0.4477364240208435,-0.5069761356705091,0.8450784249455574,-2.1635344630347316e-06,"{""signature_angle_error_deg"": 0.5250051541359415, ""signature_size_error_percent"": -1.341906765289591}",False
68,"[0.9531943939565318, -0.4212978139529953]","[1.0276892417340915, -0.3939752524813689]",0.023952062234328997,0.11958102738502152,0.8795731999815982,-1.679094480146856e-06,"{""signature_angle_error_deg"": 2.8698788679570404, ""signature_size_error_percent"": -5.312582068172633}",False
79,"[0.9296714965473936, -0.6329562203816894]","[0.9182133059027676, -0.6366037850707116]",-0.19869420482949962,-0.21146068124107747,0.8541222208721405,-2.4090693740875057e-06,"{""signature_angle_error_deg"": 0.4852993909441808, ""signature_size_error_percent"": 0.6603826910253519}",False
90,"[0.9845010971746543, -0.5373581717481312]","[0.9982407354090373, -0.5338114368913724]",-0.07748451491324881,-0.06507094291459314,0.8659593337571546,-2.186967855053725e-06,"{""signature_angle_error_deg"": 0.49075348650911266, ""signature_size_error_percent"": -0.9189359464841451}",False
101,"[0.9375065017739777, -0.5849741070729864]","[0.9639059151266355, -0.5475966606532193]",-0.14705225557423451,-0.016231193105050057,0.8583814920790275,-2.2532804977541015e-06,"{""signature_angle_error_deg"": 2.361862100576639, ""signature_size_error_percent"": -0.32043683831861625}",False
112,"[1.0215040519832432, -0.30606875636308284]","[1.0735731290555386, -0.3049636276078752]",0.17108947657878049,0.17495742722200724,0.9057976863575565,-1.344208818982389e-06,"{""signature_angle_error_deg"": 0.8216144361922942, ""signature_size_error_percent"": -4.451048843134242}",False
123,"[1.199597298923786, -0.2263403803341219]","[1.1458710020678415, -0.2346549804668846]",0.16920591539541152,0.14010481493074217,0.9257967556208163,-1.309772108421341e-06,"{""signature_angle_error_deg"": 0.8882269069253491, ""signature_size_error_percent"": 4.3699032654807235}",False
134,"[1.148062335558425, -0.21886634454070117]","[1.1287322696877282, -0.22809659861125742]",0.1636185294139222,0.1313126401669753,0.9255097581460319,-1.2065099812962353e-06,"{""signature_angle_error_deg"": 0.6312520966195139, ""signature_size_error_percent"": 1.4927448870155846}",False
145,"[1.1791384410105985, -0.23166864200584203]","[1.1606713285165788, -0.22807591798266888]",0.17318917897524105,0.18576371305634715,0.9246442947419508,-1.2946841729819181e-06,"{""signature_angle_error_deg"": 0.001690212521103004, ""signature_size_error_percent"": 1.5904827968888702}",False
156,"[1.194013664164029, -0.03365736201418422]","[1.178843276464268, -0.0454790660721594]",0.02516132888439014,-0.01621463531852302,0.940531100760276,-9.503012448507073e-07,"{""signature_angle_error_deg"": 0.5946910250223506, ""signature_size_error_percent"": 1.251798162063622}",False
167,"[1.158725450155532, -0.0365489721784733]","[1.2157595718118523, -0.04106599333199014]",0.027323018036334412,0.011513443999025472,0.9404383426959381,-8.968429728767114e-07,"{""signature_angle_error_deg"": 0.1279575030990569, ""signature_size_error_percent"": -4.698185116876474}",False
178,"[1.1614769586772122, -0.1575577935349365]","[1.1319769771633756, -0.16552066612504468]",0.11778592332223398,0.08991586925685538,0.9327458315054501,-1.0654628641706646e-06,"{""signature_angle_error_deg"": 0.5937979781021285, ""signature_size_error_percent"": 2.456299919933236}",False
189,"[1.1254526828115434, 0.18729340814652026]","[1.1699864785233136, 0.17683484542529468]",-0.1400154604590491,-0.1766204299833387,0.9289161741649704,-1.082777695512571e-06,"{""signature_angle_error_deg"": 0.853568663737846, ""signature_size_error_percent"": -3.578551422141485}",False
200,"[1.1932292735293724, 0.176599007162188]","[1.1809077296351256, 0.1863569002482995]",-0.13202061700474244,-0.0978679912033521,0.9312809394816511,-1.1594181166100538e-06,"{""signature_angle_error_deg"": 0.5490744987434589, ""signature_size_error_percent"": 0.8954469976177437}",False
211,"[1.0843751202274685, 0.2152645101234217]","[1.1237883424414867, 0.21220100573379186]",-0.1609258959175094,-0.1716481612812138,0.9243374799414744,-1.1015856393966628e-06,"{""signature_angle_error_deg"": 0.5350278262315789, ""signature_size_error_percent"": -3.332512721490999}",False
222,"[1.2159238818544442, 0.11427151117903744]","[1.2156247740034518, 0.11035641785541314]",-0.08542627534743572,-0.09912910198012073,0.936886988141194,-1.0686695001876503e-06,"{""signature_angle_error_deg"": 0.18165393904228366, ""signature_size_error_percent"": 0.05390555730675484}",False
233,"[1.230721028053688, 0.06423676366223469]","[1.2508577596338446, 0.04907771024840446]",-0.04802165827176769,-0.10107834522017349,0.9396418023231922,-1.0300865097146635e-06,"{""signature_angle_error_deg"": 0.7409469982149112, ""signature_size_error_percent"": -1.5516517240412253}",False
244,"[1.071645630835311, 0.23948381964771018]","[1.1021706421073496, 0.23806194794618588]",-0.1790315933288707,-0.18400814428420575,0.9204397524156192,-1.1605306221886788e-06,"{""signature_angle_error_deg"": 0.4087892184581191, ""signature_size_error_percent"": -2.6169860372293963}",False
255,"[1.1685354043738359, 0.10195514272178254]","[1.1652455480043693, 0.10527917750473927]",-0.07621889310269178,-0.06458477136234322,0.937429845315365,-9.753391987610285e-07,"{""signature_angle_error_deg"": 0.176169332692025, ""signature_size_error_percent"": 0.25495468949845446}",False
