source_row,split,diameter_m,plate_angle_deg,release_height_m,predicted_historical_sphere_proxy,measured_magnitudes,conditional_required_mu_r,proxy_energy_retained
18,train,0.1,30.0,2.5,"[2.645360503099198, 2.8069357820061387, 42.153210899693065]","[2.57, 2.898, 48.4]",-0.02721774193548395,0.39542058963407695
19,train,0.1,30.0,2.5,"[2.8361459139637883, 2.610065765514749, 39.19671172426254]","[1.714, 2.824, 43.2]",-0.03937324226597027,0.36741211985904515
20,train,0.1,30.0,2.5,"[2.6123304707272927, 2.718498079285397, 40.825096035730134]","[1.929, 2.902, 41.5]",-0.027255118981737693,0.3913973073809202
21,train,0.1,30.0,2.5,"[2.68430636216458, 2.6731256926721474, 40.143715366392634]","[2.826, 2.655, 49.2]",-0.019707411437552926,0.38251592633902237
22,train,0.1,30.0,3.5,"[3.2305343601954988, 3.1537653813718287, 47.361730931408566]","[2.536, 3.342, 50.6]",-0.0278358455275608,0.37860974069385667
23,train,0.1,30.0,3.5,"[3.112710811883775, 3.376013173426561, 50.69934132867193]","[2.683, 4.008, 55.4]",-0.08069356452150717,0.4000233071883934
24,train,0.1,30.0,3.5,"[3.2931435260347826, 3.15222733436799, 47.338633281600515]","[2.184, 4.168, 44.8]",-0.10886732851985557,0.3748079303721245
25,held_out,0.1,30.0,4.5,"[3.8211310584274853, 3.465219899649222, 52.0390050175389]","[3.039, 3.947, 51.3]",-0.04328081556997224,0.3647189180067626
26,held_out,0.1,30.0,4.5,"[3.676193304437332, 3.784364652945811, 56.83176735270948]","[3.177, 4.074, 65.8]",-0.044103817942448775,0.38918141127445743
27,held_out,0.1,30.0,4.5,"[3.8950788920959307, 3.7397612898344805, 56.161935508276]","[2.718, 4.537, 59.2]",-0.08079856860344663,0.37539097878306527
28,train,0.1,45.0,2.5,"[1.9679983466962354, 3.620562647036959, 54.371867648152055]","[2.141, 3.879, 42.6]",-0.0037502038154247005,0.5232833712585175
29,train,0.1,45.0,2.5,"[2.087300851681328, 3.9443215413450643, 59.23392293274677]","[2.562, 3.852, 53.7]",0.029870512065921045,0.5295355202529638
30,train,0.1,45.0,2.5,"[2.0330724403244678, 3.715152537773057, 55.792373111347175]","[2.04, 4.628, 39.8]",-0.09620376378974692,0.521701375380729
31,train,0.1,45.0,2.5,"[1.929545473188644, 3.9435525178431448, 59.222374107842754]","[1.952, 3.739, 46.4]",0.0785884759631777,0.5474375775020696
32,train,0.1,45.0,3.5,"[2.440278511058709, 4.544928896344186, 68.25355518279069]","[2.723, 4.468, 58.0]",0.03675224814283853,0.5261580007512888
33,train,0.1,45.0,3.5,"[2.3604148506967877, 4.558771319378737, 68.46143403106313]","[2.406, 5.258, 53.2]",-0.05476786210731166,0.5345788195033376
34,train,0.1,45.0,3.5,"[2.3968957819732206, 4.727187466299105, 70.99062668504475]","[2.403, 4.248, 51.6]",0.11933929800412937,0.53937756568705
35,held_out,0.1,45.0,4.5,"[2.7567752391596563, 5.121696522783804, 76.91517386080982]","[2.696, 4.682, 67.6]",0.07553088803088796,0.5255797652086996
36,held_out,0.1,45.0,4.5,"[2.8090317082853584, 5.26242782363507, 79.02860881824648]","[3.722, 4.509, 58.2]",0.12420382165605086,0.5275229436620834
37,held_out,0.1,45.0,4.5,"[2.7227592356721715, 5.1478433218490665, 77.30783390754668]","[3.342, 5.349, 54.1]",0.029667230682459,0.5296578613476272
38,train,0.1,60.0,2.5,"[1.242323605629888, 4.449569982106169, 66.82150089469151]","[2.074, 3.755, 66.8]",0.15128428384849793,0.6479619099138912
39,train,0.1,60.0,2.5,"[1.4138825797406822, 4.427268300550503, 66.48658497247479]","[2.23, 4.22, 59.4]",0.06845821890937627,0.6289870678972276
40,train,0.1,60.0,2.5,"[1.4257142331276336, 4.732570630812542, 71.07146845937291]","[1.951, 4.234, 61.7]",0.1416477390047491,0.6376294404662355
41,train,0.1,60.0,3.5,"[1.6672771564445563, 5.6800075851773535, 85.29962074113232]","[2.797, 6.323, 62.4]",-0.029940119760479122,0.6412749599892702
42,train,0.1,60.0,3.5,"[1.7077019721833064, 5.500056085728193, 82.59719571359037]","[2.713, 4.828, 81.3]",0.11299983810911439,0.6332368395402664
43,train,0.1,60.0,3.5,"[1.722491538916996, 5.313952398263677, 79.80238008681619]","[3.613, 3.849, 75.4]",0.21851695511467553,0.6266829313378968
44,held_out,0.1,60.0,4.5,"[2.161248685349774, 6.022992067033446, 90.45039664832768]","[2.016, 5.663, 64.3]",0.13796874999999986,0.6098423376720682
45,held_out,0.1,60.0,4.5,"[1.8782749751785215, 6.149880944850162, 92.3559527574919]","[2.913, 5.374, 81.5]",0.1477019187862562,0.6356540913705092
46,held_out,0.1,60.0,4.5,"[1.8723591484850457, 5.916866823768556, 88.85665881157217]","[1.414, 5.394, 66.2]",0.18726016884113583,0.6303858932994452
47,train,0.1,75.0,2.5,"[0.6758831997295939, 5.040180031580338, 75.6909984209831]","[1.582, 3.192, 75.9]",0.6244497121571281,0.7045761619186547
48,train,0.1,75.0,2.5,"[0.8144121414684822, 4.6802770326820164, 70.28614836589918]","[1.553, 3.378, 68.2]",0.4193447737909514,0.6917133633638495
49,train,0.1,75.0,2.5,"[0.6231337450461026, 4.839464897579351, 72.67675512103246]","[1.158, 3.367, 73.1]",0.6044591246903385,0.7060909748891746
50,train,0.1,75.0,3.5,"[0.7054623331969723, 5.941295117630762, 86.68524411846188]","[1.641, 4.421, 91.2]",0.4654947916666663,0.7105593170200616
51,train,0.1,75.0,3.5,"[0.7217308566040302, 6.056314501894784, 88.68427490526078]","[1.11, 7.117, 53.5]",-0.13869463869463913,0.7102156305308538
52,train,0.1,75.0,3.5,"[0.6162319472370477, 6.358582737273553, 75.72086313632241]","[1.786, 3.551, 85.6]",0.8596837944664033,0.7324537286416634
53,held_out,0.1,75.0,4.5,"[0.6413742106843192, 7.181794512954312, 78.81027435228435]","[1.663, 5.281, 97.5]",0.5151821862348176,0.7424002825673489
54,held_out,0.1,75.0,4.5,"[0.7567328312070946, 7.353295601371921, 92.9852199314039]","[3.054, 3.924, 107.2]",0.6853344955327956,0.7255049115006189
55,held_out,0.1,75.0,4.5,"[0.8908249029258761, 6.9050620237351, 103.69689881324493]","[3.176, 4.013515124283919, 93.2]",0.6224131799550632,0.706021317106073
57,train,0.2,30.0,2.5,"[2.644867517541409, 2.5070166162575376, 18.824584593561557]","[2.119, 2.728, 20.6]",-0.03901656867985044,0.37294110031996713
58,train,0.2,30.0,2.5,"[2.789312285973773, 2.8300064870637236, 21.249837823406914]","[2.337, 3.326, 19.7]",-0.05428392745465912,0.3862425986891768
59,train,0.2,30.0,2.5,"[2.647332445330357, 2.642364752595368, 19.8408811851158]","[2.073, 3.03, 24.8]",-0.07873169420932424,0.38297134459931836
60,train,0.2,30.0,3.5,"[3.2325063024266574, 3.169145851410219, 23.796353714744537]","[2.289, 3.281, 29.2]",-0.03707890572009941,0.3794402848031568
61,train,0.2,30.0,3.5,"[3.3956845220550274, 3.063020608145329, 22.99948479636678]","[1.908, 4.134, 23.0]",-0.1217598908594816,0.3637513555626635
62,train,0.2,30.0,3.5,"[3.1615163821049497, 3.267580859655913, 24.535478508602168]","[1.911, 3.51, 27.9]",-0.04529072561268618,0.3899967393232603
63,held_out,0.2,30.0,4.5,"[3.6273877342161573, 3.9235579067932385, 29.461052330169046]","[2.833, 4.664, 30.4]",-0.07634187027769597,0.3994491200300016
64,held_out,0.2,30.0,4.5,"[3.7220409613117678, 3.5398151793354122, 26.579620516614682]","[3.058, 3.853, 31.6]",-0.048453996983408854,0.37357391749850366
65,held_out,0.2,30.0,4.5,"[3.663375679934801, 3.3621707503920106, 25.245731240199735]","[2.356, 3.725, 25.8]",-0.039337897210585546,0.36690946415727166
66,held_out,0.2,30.0,4.5,"[3.854161090799391, 3.661320892638692, 27.491977684032694]","[2.869, 3.728, 26.3]",-0.001777860952559196,0.37335862256838
67,train,0.2,45.0,2.5,"[2.272170435852442, 3.6820845271905185, 27.647886820237044]","[2.769, 3.596, 33.8]",-0.02168609379235567,0.4930767484574178
68,train,0.2,45.0,2.5,"[2.0518058915204738, 3.507516192254794, 26.337095193630148]","[2.334, 3.156, 27.4]",0.047567733990147666,0.505892860186522
69,train,0.2,45.0,2.5,"[1.9334893576509609, 4.0596750666329875, 30.4831233341753]","[2.028, 3.88, 32.1]",0.01932773109243701,0.553439710603365
70,train,0.2,45.0,3.5,"[2.5033806624557826, 4.731801607310622, 35.529959817234435]","[2.883, 4.313, 37.6]",0.04220575304609966,0.529595604995347
71,train,0.2,45.0,3.5,"[2.649797373119305, 4.566461554397931, 34.2884611400517]","[2.365, 3.879, 28.7]",0.11770025839793276,0.5078184465930514
72,train,0.2,45.0,3.5,"[2.4205590887471233, 4.75102719485861, 35.67432012853477]","[2.295, 4.609, 31.5]",0.04288688410825817,0.5382829732811569
73,held_out,0.2,45.0,4.5,"[2.818398433883361, 5.1801423089296845, 38.896442276757874]","[2.337, 5.436, 29.4]",0.015396076483734748,0.5230609215984822
74,held_out,0.2,45.0,4.5,"[2.7035327989183755, 5.054022454614889, 37.94943863462778]","[3.239, 5.645, 29.7]",-0.029920898773357806,0.5270270967773134
75,held_out,0.2,45.0,4.5,"[2.818398433883361, 5.1801423089296845, 38.896442276757874]","[2.337, 6.109, 22.7]",-0.034889495902657136,0.5230609215984822
76,train,0.2,60.0,2.5,"[1.2442955478610467, 4.411118807010195, 33.12202982474512]","[2.097, 4.176, 39.4]",-0.0034624540142828178,0.6466271159160614
77,train,0.2,60.0,2.5,"[1.5430447958815674, 4.233474378066792, 31.788140548330183]","[2.517, 4.035, 32.6]",0.029396139543120148,0.6070839758920994
78,train,0.2,60.0,2.5,"[1.423742290896475, 4.376512749423818, 32.86218126440455]","[1.9, 3.927, 31.5]",0.10526315789473674,0.6261191841876618
79,train,0.2,60.0,3.5,"[1.5248043302433507, 5.213210319512223, 39.14474201219442]","[1.909, 5.111, 31.7]",0.07996801279488212,0.64176651941082
80,train,0.2,60.0,3.5,"[1.623894427359068, 5.325487750792468, 39.98780623018829]","[2.208, 4.1, 38.4]",0.23427844420210825,0.6358860098359724
81,train,0.2,60.0,3.5,"[1.5745958715801043, 5.291650716708011, 39.733732082299724]","[2.958, 4.362, 42.5]",0.13312743823146944,0.6393766658670476
82,held_out,0.2,60.0,4.5,"[1.8753170618317834, 6.1560331328655185, 46.224171678362055]","[2.767, 3.963, 40.2]",0.3704154618779486,0.6360276730303551
83,held_out,0.2,60.0,4.5,"[2.0414531948068917, 6.072209571156293, 45.59476072109266]","[1.944, 5.291, 31.3]",0.22235004108463416,0.620856370375047
84,held_out,0.2,60.0,4.5,"[2.045397079269209, 5.701540243231099, 42.81149391922252]","[3.036, 5.309, 45.3]",0.04077940153096719,0.6098854588025984
85,train,0.2,75.0,2.5,"[0.6985605353879173, 4.5287794028038775, 34.00551492990308]","[1.239, 3.645, 40.5]",0.23493975903614445,0.6984077414366507
86,train,0.2,75.0,2.5,"[0.5610175647646082, 4.810274524013842, 34.46813689965395]","[0.893, 4.109, 37.6]",0.2836041358936483,0.7122871521292179
87,train,0.2,75.0,2.5,"[0.5161558790057511, 4.540524100740328, 31.711897481491818]","[0.743, 4.885, 25.2]",-0.04692737430167577,0.7148352621128499
88,train,0.2,75.0,3.5,"[0.6177109039104165, 5.322948135843009, 37.95129660392478]","[1.423, 5.65, 32.8]",-0.045216741405082375,0.7127776172311125
89,train,0.2,75.0,3.5,"[0.8952617729459829, 5.4246917825400836, 40.73270543649792]","[1.439, 4.719, 31.6]",0.3290322580645161,0.6948290737770916
90,train,0.2,75.0,3.5,"[0.6472900373777949, 5.956256107232139, 39.768597319196516]","[1.709, 4.014, 42.0]",0.6131700860357375,0.7195175348793157
91,held_out,0.2,75.0,4.5,"[0.961814823247584, 6.1406526628271285, 46.1086834293218]","[1.993, 4.991, 43.9]",0.31389452332657214,0.6976335569878293
92,held_out,0.2,75.0,4.5,"[0.7419432644734054, 5.735377277315557, 43.06556806711108]","[1.617, 6.1, 35.6]",-0.02114029468289553,0.7059228131070973
93,held_out,0.2,75.0,4.5,"[0.46833627990015625, 6.865042880327899, 28.773927991802513]","[1.357, 4.224, 45.0]",0.863459037711313,0.7774842777557209
